id,category,rank,location,imageurl,description,latitude,longitude,rate,total_reviews,excellent,very_good,average,poor,terrible
things1,things,1,"Amsterdam, The Netherlands",https://media-cdn.tripadvisor.com/media/photo-s/22/60/80/91/caption.jpg,"Fun and informative and money well spent. Skipper and host were comical and enjoyable, telling us random but no less incredible facts about Amsterdam as we sailed through it.",52.3727598,4.8936041,5.0,15026,14334,535,95,40,22
things2,things,2,"Dubai, United Arab Emirates",https://media-cdn.tripadvisor.com/media/photo-s/1b/bb/da/be/caption.jpg,"The best experience in Dubai. Everything was perfect. The show, the quad, the 4x4 tour in the desert, sandboarding, the reception at the camp, the meal, our very friendly guide.",25.2653471,55.2924914,5.0,6665,6513,127,14,8,3
things3,things,3,"Honolulu, Hawaii",https://media-cdn.tripadvisor.com/media/photo-s/21/60/ce/b5/caption.jpg,Our tour guide was awesome! He taught us so much about Hawaiian culture and history. The Waimea gardens and waterfall were gorgeous and definitely something you don't want to miss! Loved every minute!,21.2891309,-157.7173915,5.0,3180,3086,61,19,7,7
things4,things,4,"Aruba, Caribbean",https://media-cdn.tripadvisor.com/media/photo-s/1c/b3/f4/17/caption.jpg,"Amazing excursion - great introduction to the wonders of Aruba’s undeveloped side. Wonderful guide - knowledgeable, informative, personable, witty, helpful, and thoughtful. Excellent lunch included.",12.4333297,-69.90788823047265,5.0,3403,3271,89,24,12,7
things5,things,5,"Tierra Verde, Florida",https://media-cdn.tripadvisor.com/media/photo-s/1b/90/99/61/caption.jpg,What a wonderful and relaxing way to spend the day - kayaking in beautiful blue water and meandering in and out of mangroves. Our fabulous guide was full of information.,27.673139,-82.72868763606749,5.0,2629,2585,29,7,1,7
things6,things,6,"Cusco, Peru",https://media-cdn.tripadvisor.com/media/photo-s/23/9e/01/58/3n-to-machu-picchu-group.jpg,"Accomplishing this hike was made so much easier by Alpaca Expeditions, our guide, and the porters and chefs that came along. They are 100% local and indigenous-owned and are forerunners in sustainable tourism.",-13.5170887,-71.9785356,5.0,2102,2087,13,0,0,2
things7,things,7,"Reykjavik, Iceland",https://media-cdn.tripadvisor.com/media/photo-s/22/26/10/de/reykjavik-food-walk.jpg,"A perfect afternoon of eating, walking, and laughing. We were particularly impressed with the variety of restaurants: fancy, traditional and even street. Also timed well in that we never waited and never rushed.",64.145981,-21.9422367,5.0,6367,6232,109,17,5,4
things8,things,8,"London, United Kingdom",https://media-cdn.tripadvisor.com/media/photo-s/23/71/0c/c0/caption.jpg,Exhilarating experience for the whole family!,51.5073219,-0.1276474,5.0,2248,2202,32,4,0,10
things9,things,9,"Brotas, Brazil",https://media-cdn.tripadvisor.com/media/photo-s/1a/e2/2e/85/caption.jpg,Great memorable family experience!,-22.2840884,-48.1267265,5.0,2331,2271,52,4,3,1
things10,things,10,"Liverpool, United Kingdom",https://media-cdn.tripadvisor.com/media/photo-s/23/84/07/3a/chance-to-get-off-the.jpg,Amazing bus tour with Chloe and Collin!,53.4071991,-2.99168,5.0,3078,2884,130,20,20,24
things11,things,11,"Florence, Italy",https://media-cdn.tripadvisor.com/media/photo-s/22/db/2a/43/caption.jpg,A great way to learn more about how the Medici family shaped Florence. My tour guide did an excellent job turning complicated history into easy-to-follow stories.,43.7698712,11.2555757,5.0,2600,2535,52,7,3,3
things12,things,12,"Luxor, Egypt",https://media-cdn.tripadvisor.com/media/photo-s/1a/66/21/ef/caption.jpg,"Loved it from beginning to end - so still up in the air, incredible views of the Valley of the Kings and several temples, and a stunning sunrise. Unbeatable!",25.702096,32.647186,5.0,1870,1822,38,3,4,3
things13,things,13,"Goreme, Turkiye",https://media-cdn.tripadvisor.com/media/photo-s/23/aa/2c/9d/cappadocia-balloon-ride.jpg,"A dream come true. The scenery was beautiful, and the flight was breathtaking. The entire crew of staff were professional and caring.",38.642089,34.8296234,5.0,2997,2927,54,7,4,5
things14,things,14,"Miami, Florida",https://media-cdn.tripadvisor.com/media/photo-s/23/80/6e/73/caption.jpg,"Great food, great local history, and great new friends. A fun experience that I would definitely recommend as a way to get aquatinted with a new community.",25.7741728,-80.19362,5.0,2789,2686,74,21,3,5
things15,things,15,"Las Vegas, Nevada",https://media-cdn.tripadvisor.com/media/photo-s/1c/ba/91/9d/caption.jpg,"Thoroughly enjoyed the entire tour. Detailed, funny, and most importantly very serious about our safety and gave a great experience that I would definitely do again!",36.1672559,-115.148516,5.0,4475,4242,126,42,29,36
things16,things,16,"Edinburgh, United Kingdom",https://media-cdn.tripadvisor.com/media/photo-s/21/63/0b/53/the-chocolatarium-chocolate.jpg,Hidden Gem of Edinburgh tourism,55.9533456,-3.1883749,5.0,1819,1771,39,7,0,2
things17,things,17,"Belfast, United Kingdom",https://media-cdn.tripadvisor.com/media/photo-s/23/84/1c/7f/caption.jpg,Amazing!,54.603533,-5.928807,5.0,2182,2150,29,1,0,2
things18,things,18,"Dubrovnik, Croatia",https://media-cdn.tripadvisor.com/media/photo-s/1d/c1/4b/2c/kayak.jpg,Best day yet!,42.64873625,18.094680152605108,5.0,2460,2358,85,13,1,3
things19,things,19,"Istanbul, Turkiye",https://media-cdn.tripadvisor.com/media/photo-s/1a/5b/33/2f/caption.jpg,Great and flexible way to see the city,41.0091982,28.9662187,5.0,2189,2138,42,4,3,2
things20,things,20,"Cancun, Mexico",https://media-cdn.tripadvisor.com/media/photo-s/1c/86/e8/ce/caption.jpg,Make the most of the drive to the ruins!,21.1617854,-86.8510468,5.0,9525,8598,628,133,42,124
things21,things,21,"Dubai, United Arab Emirates",https://media-cdn.tripadvisor.com/media/photo-s/1a/e4/81/dc/caption.jpg,Dubai : Went to the Yacht cruise with Oceaniar Tour Travel guide,25.2653471,55.2924914,5.0,1228,1202,24,1,1,0
things22,things,22,"Rome, Italy",https://media-cdn.tripadvisor.com/media/photo-s/1a/65/2d/88/caption.jpg,Excellent! Best way to see Rome in style!,41.8933203,12.4829321,5.0,829,829,0,0,0,0
things23,things,23,"Port Douglas, Australia",https://media-cdn.tripadvisor.com/media/photo-s/21/b6/b0/f2/guided-outer-reef-snorkelling.jpg,Definitely a 10 Star Experience,-16.4845983,145.4636294,5.0,619,617,2,0,0,0
things24,things,24,"Oludeniz, Turkiye",https://media-cdn.tripadvisor.com/media/photo-s/1d/1e/c0/7a/caption.jpg,"Brilliant experience. We took off from a snowy mountain, flew through a clear blue sky and landed on the beach.",36.5728162,29.135727,5.0,1316,1300,10,3,1,2
things25,things,25,"San Juan, Puerto Rico",https://media-cdn.tripadvisor.com/media/photo-s/1d/1e/c0/0f/caption.jpg,Adventures in nature,18.46633,-66.10572,5.0,649,646,2,0,0,1
